<?xml version="1.0" encoding="utf-8"?>
<config Name="gcc" ShortName="gcc" Manufacturer="GNU" Version="$GCC_VERSION" Language="C" Priority="A" Location="$GCC_DIR">
	<Details CompilerExecutable="$CC" CompilerDefines="$DEFINES" CompilerFlags="$CFLAGS" OptimizationFlags="$COPTIMFLAGS" DebugFlags="$CDEBUGFLAGS" IncludeFlags="$INCLUDE" LinkerExecutable="$LD" LinkerFlags="$LDFLAGS" LinkerLibraries="$LINKLIBS" LinkerOptimizationFlags="$LDOPTIMFLAGS" LinkerDebugFlags="$LDDEBUGFLAGS" CompilerDefineFormatter="-D%s" LinkerLibrarySwitchFormatter="-l%s" LinkerPathFormatter="-L%s"/>
	<vars CC="gcc" CMDLINE100="$CC -c $DEFINES $INCLUDE $CFLAGS $OPTIM $SRC -o $OBJ" CMDLINE200="$LD $LDFLAGS $LINKOPTIM $LINKEXPORT $LINKEXPORTVER $LINKEXPORTCPP $OBJS $LIBS $LINKLIBS -o $EXE" DEFINES="$MATLABMEX" MATLABMEX="-DMATLAB_MEX_FILE " CFLAGS="-ansi -D_GNU_SOURCE -fno-common -arch x86_64 -fexceptions -fPIC -fno-omit-frame-pointer -pthread" INCLUDE="-I&quot;$MATLABROOT/extern/include&quot; -I&quot;$MATLABROOT/simulink/include&quot;" COPTIMFLAGS="-O2 -fwrapv -DNDEBUG" CDEBUGFLAGS="-g" LD="$CC" LDFLAGS="-Wl,-twolevel_namespace -undefined error -arch x86_64 $LDBUNDLE" LDBUNDLE="-bundle " LINKEXPORT="-Wl,-exported_symbols_list,&quot;$MATLABROOT/extern/lib/maci64/mexFunction.map&quot;" LINKEXPORTVER="-Wl,-exported_symbols_list,&quot;$MATLABROOT/extern/lib/maci64/c_exportsmexfileversion.map&quot;" LINKEXPORTCPP="-Wl,-U,_mexCreateMexFunction -Wl,-U,_mexDestroyMexFunction -Wl,-U,_mexFunctionAdapter -Wl,-exported_symbols_list,&quot;$MATLABROOT/extern/lib/maci64/cppMexFunction.map&quot;" LINKLIBS="-L&quot;$MATLABROOT/bin/maci64&quot; -lmx -lmex -lmat -L&quot;$MATLABROOT/extern/bin/$ARCH&quot; -lMatlabDataArray -lMatlabEngine" LDOPTIMFLAGS="-O" LDDEBUGFLAGS="-g" OBJEXT=".o" LDEXT=".mexmaci64" SETENV="CC=&quot;$CC&quot;
                CFLAGS=&quot;$CFLAGS $DEFINES&quot;
                COPTIMFLAGS=&quot;$COPTIMFLAGS&quot;
                CDEBUGFLAGS=&quot;$CDEBUGFLAGS&quot;
                LD=&quot;$LD&quot;
                LDFLAGS=&quot;$LDFLAGS $LINKLIBS $LINKEXPORT&quot;
                LDDEBUGFLAGS=&quot;$LDDEBUGFLAGS&quot;" GCC_DIR="/usr/local/bin" GCC_VERSION="4.9.2"/>
	<client>
		<engine LINKLIBS="$LINKLIBS -leng -L&quot;$MATLABROOT/extern/bin/$ARCH&quot; -lMatlabDataArray -lMatlabEngine" LDBUNDLE="" LINKEXPORT="" LINKEXPORTVER="" LINKEXPORTCPP="" LDEXT=""/>
		<mbuild CMDLINE150="$MATLABROOT/bin/maci64/macbundle $EXENAME &quot;$EXEDIR&quot;" CMDLINE200="$LD $LDFLAGS $OBJS $LINKOPTIM $LINKEXPORT $LIBS $LINKLIBS -o &quot;$EXEDIR$EXENAME.app/Contents/MacOS/$EXENAME&quot;" CFLAGS="-fexceptions -fno-common -arch x86_64" DEFINES="-DUNIX -DX11 -DMACI64 -UMX_COMPAT_SC" LDFLAGS="-arch x86_64 $LDTYPE $LINKEXPORT -bind_at_load" LINKLIBS="-L&quot;$MATLABROOT/runtime/maci64&quot; -L&quot;$MATLABROOT/extern/bin/maci64&quot; -lMatlabDataArray -lMatlabCppSharedLib -lmwmclmcrrt" INCLUDE="-I&quot;$MATLABROOT/extern/include&quot; -I&quot;$MATLABROOT/extern/include/cpp&quot;" MATLABMEX="" LDEXT="" LINKEXPORT="" LINKEXPORTVER="" LINKEXPORTCPP="" LDTYPE=""/>
	</client>
	<locationFinder>
		<GCC_DIR>
			<and>
				<cmdReturns name="which gcc"/>
				<dirExists name="$$"/>
			</and>
		</GCC_DIR>
		<GCC_VERSION>
			<cmdReturns name="gcc -dumpversion"/>
		</GCC_VERSION>
	</locationFinder>
	<MATLAB release="R2021a"/>
</config>
